variant,model,group_cv_MAE,params
lean,svr,3.1271110833200355,"{""model__C"": 10, ""model__epsilon"": 1, ""model__gamma"": 0.01}"
engineered,extra_trees,3.1572548197262806,"{""model__max_features"": 0.7, ""model__min_samples_leaf"": 3}"
raw,extra_trees,3.1975089452598913,"{""model__max_features"": 0.7, ""model__min_samples_leaf"": 3}"
raw,svr,3.225788227133847,"{""model__C"": 10, ""model__epsilon"": 1, ""model__gamma"": 0.01}"
lean,extra_trees,3.2319032267992434,"{""model__max_features"": 1.0, ""model__min_samples_leaf"": 1}"
operational,extra_trees,3.304626236584597,"{""model__max_features"": 1.0, ""model__min_samples_leaf"": 1}"
engineered,svr,3.319695244179357,"{""model__C"": 10, ""model__epsilon"": 1, ""model__gamma"": 0.01}"
lean,hist_gb,3.3264105321082833,"{""model__l2_regularization"": 1, ""model__learning_rate"": 0.03, ""model__max_iter"": 250, ""model__min_samples_leaf"": 5}"
raw,ridge,3.367260073574899,"{""model__alpha"": 0.1}"
engineered,ridge,3.4041823899643946,"{""model__alpha"": 0.1}"
engineered,hist_gb,3.408260519981761,"{""model__l2_regularization"": 1, ""model__learning_rate"": 0.08, ""model__max_iter"": 250, ""model__min_samples_leaf"": 12}"
operational,svr,3.424635753268043,"{""model__C"": 10, ""model__epsilon"": 0.1, ""model__gamma"": 0.01}"
operational,hist_gb,3.4296230863814063,"{""model__l2_regularization"": 0, ""model__learning_rate"": 0.03, ""model__max_iter"": 250, ""model__min_samples_leaf"": 12}"
raw,hist_gb,3.4440268710844157,"{""model__l2_regularization"": 0, ""model__learning_rate"": 0.03, ""model__max_iter"": 250, ""model__min_samples_leaf"": 12}"
lean,ridge,3.4657966485482747,"{""model__alpha"": 100}"
operational,ridge,3.6571503402470147,"{""model__alpha"": 100}"
